stock_code,pre_close
300748,3440
688765,7026
001234,2696
920725,3468
002026,1512
002036,1060
300758,1268
920735,3388
300620,15450
301252,3329
000656,144
688775,23875
603385,679
600976,3398
688048,12948
300065,1814
688130,2100
600197,1400
300884,1468
002673,796
920008,2994
603395,2956
600966,691
300075,1528
002663,191
920160,2613
688058,2688
920018,2715
600187,251
920981,3207
688120,15285
301609,4124
300894,1127
300303,687
600389,2570
688256,141580
600399,586
002515,601
688246,2232
300313,820
002238,811
300556,1871
002340,819
000520,489
688403,1638
300546,2560
002228,513
000530,752
601827,827
002350,813
600330,1277
600248,353
603122,2600
688387,1193
600320,503
002281,7045
600258,1608
001872,1940
603132,1455
601117,753
000599,648
002291,628
300497,1552
603777,1351
600575,337
603767,2498
920592,3926
300487,6181
601107,610
000589,523
301383,3526
603569,752
600603,645
300689,4505
002906,3094
601319,903
000797,407
600613,605
300699,3930
301393,5100
603579,2344
000933,2718
002916,23375
600056,1030
300945,1625
688189,792
688199,2381
920832,728
000923,2100
688800,8641
000829,1055
688093,3674
300927,2328
000951,1658
603226,3157
688083,6667
300937,3565
000839,261
603236,9411
601456,1024
600661,1005
002185,1105
600719,654
301299,5341
300793,1606
002195,695
600671,1742
301289,5756
300783,2294
001387,1387
301087,4408
600507,595
605259,2220
600517,605
301097,5170
600352,1077
601658,546
603038,1627
603028,890
603150,3843
605398,2808
300534,953
002322,1191
605388,741
688509,504
688519,8257
301156,1750
002332,901
000552,233
920274,2955
603918,1567
603081,1407
601799,12411
600293,318
688234,9291
603860,3013
002577,1767
300219,714
603908,2319
603091,7909
300371,1244
300209,546
002567,445
600283,905
300007,5402
601789,501
002769,1183
920112,3798
000890,516
002611,1914
688152,4029
002779,11795
000880,2742
000061,1056
300017,1026
002601,1965
300652,5669
001256,2202
301358,6661
301220,3738
002044,517
688707,1417
605186,1966
300642,1842
301348,2031
688717,6243
605196,3519
002054,738
301230,2949
603556,3545
601336,7008
002841,3882
605162,856
002939,1032
600744,592
601326,348
002851,8926
002929,3968
603303,1293
600754,2435
600888,822
301491,5515
600111,4597
300802,1904
600079,1829
603313,904
300812,2880
600101,923
603065,835
300385,621
002593,603
603075,2185
601615,1435
300395,10430
002583,1131
600267,988
603630,1933
688485,1773
600422,1250
601128,705
603758,1808
601138,6423
301636,4914
002452,822
688311,4380
003020,2657
688269,4028
300244,1542
920351,2212
605580,2316
688301,10231
603955,2909
301626,18799
920239,3284
688279,19370
002442,623
003030,2012
300254,1039
301063,2417
002207,769
300569,575
603689,813
920504,2355
301073,2585
601808,1403
300411,1129
300579,3499
601818,349
603699,5246
002217,304
688622,9906
300401,1530
600685,2834
000701,667
301305,2250
002161,727
001373,3212
002980,2074
920662,3023
000679,722
300777,3879
002019,1177
002171,1338
000711,174
301315,5658
002009,2343
300767,2120
002990,2794
000669,294
688077,3070
002734,1601
301550,13539
600831,419
300122,1898
301428,3300
920037,8607
002724,673
600959,343
300132,869
688067,2420
920027,2142
600821,514
300140,667
688015,2278
002756,5427
600853,422
688005,3480
002746,610
301522,3876
300150,530
600843,1201
002103,911
001269,2390
301367,8440
300715,1035
001311,3208
001279,3419
301377,14440
920768,1189
688728,1501
001301,8640
600581,335
688526,1536
300705,1514
001896,521
301001,2857
301179,1583
002265,2676
920566,1128
300473,3002
002275,1413
000415,409
301011,2549
688536,16170
301169,4992
920576,6700
300463,1121
603927,1891
002430,3001
688373,598
003042,1604
002548,553
300226,2481
002420,796
688363,4369
300236,6210
603937,1189
002558,4392
000338,1736
600528,826
605266,1924
600538,611
603007,585
601022,916
600215,716
601677,1486
002489,387
300918,1906
603017,1130
300081,514
000816,388
600992,1340
300860,2655
600173,723
603219,1635
002697,593
300091,299
920184,1756
600982,435
603209,1522
300908,2770
300870,21896
002687,486
600163,554
002823,1613
600726,240
605100,4205
605068,2667
002833,1662
000830,1668
000948,1784
600736,675
300846,2167
920953,3525
000820,337
603357,809
600155,663
920943,2604
600678,1341
002805,1815
300856,1344
000958,652
605136,1078
600668,1088
002815,1386
301280,5220
600710,1090
301290,2551
605338,2847
300594,1967
002382,551
300584,5077
920491,3113
002392,751
603021,455
600476,1570
600233,1634
600223,735
603159,2571
603031,4574
301027,1840
920438,4210
000423,4892
002243,996
688478,3740
688500,6048
300455,2887
688510,2642
300445,2520
301037,1439
002253,1102
002416,1245
688468,734
300378,4421
603098,1404
300200,1183
688355,1762
603901,1418
688345,3145
603879,687
301662,11936
603088,1044
300368,1491
603869,1077
002406,791
920305,1012
300210,903
688033,766
600094,410
300987,1644
920892,1582
000889,366
000068,338
600875,2440
300166,1004
603286,6715
002608,742
002760,2152
000899,1002
300997,2678
600084,521
000100,454
300176,664
688023,5109
603296,9255
600865,1728
002125,1442
000078,348
001337,2810
301239,3096
300733,1874
688676,9105
002135,451
300629,2271
301229,2121
000755,505
300723,3411
301323,5506
000727,256
300751,19210
000737,1508
002157,332
300639,538
002712,533
301333,5982
920169,3151
300741,1831
688051,3985
600817,1141
688041,22501
688129,2006
000993,1179
002702,738
920179,3707
688139,3189
301566,1944
000983,647
600807,316
920001,1925
688337,3747
600390,557
002474,953
301600,13229
003006,2194
603182,1596
600380,1156
300272,747
003016,996
603192,2872
920367,2016
688327,1403
601956,716
002221,820
688562,2331
301045,2657
000539,442
920522,6095
002231,147
300437,1655
300427,1216
301055,1949
002349,725
000529,603
603043,1742
600251,919
600329,4617
600339,337
601633,2250
002298,1045
603616,512
603053,958
600241,824
605222,1829
601066,2671
603606,6147
002086,231
002867,1214
300690,3429
000590,1092
603408,1405
002877,930
300680,5626
000852,717
002096,1329
603418,5776
603325,7762
920931,1439
600137,1901
300824,1132
688190,9988
688809,22601
603335,561
601555,913
688819,3348
688180,3433
600127,673
300021,467
300834,2275
300159,315
002637,1042
300031,2284
920124,1834
002627,746
688659,945
300149,957
001270,8730
688721,4719
002883,1094
300674,2340
001308,2085
002062,929
001260,2007
002893,1117
002072,732
301206,2640
300664,535
301216,1697
000612,1109
600796,601
001318,1584
920407,2562
301018,6594
301160,6881
300512,953
002304,6119
600598,1509
000564,249
600588,1310
300502,44600
301008,3583
301170,2793
002314,283
920252,3101
300347,5663
002429,761
688212,4375
920242,2933
002551,364
300357,2820
002439,1410
688202,5706
002541,1584
603856,1244
600521,1721
600459,1884
603733,2402
688586,1281
688596,3051
600531,1193
002490,689
603987,862
600449,1233
300286,2304
603997,1394
002480,614
603166,1606
300296,627
603176,526
603378,676
301592,12135
601518,281
300098,611
600012,1469
300879,3053
000977,6756
603200,7128
300901,1625
300911,3354
603368,1771
300088,602
000967,736
300869,1504
603210,1955
002942,1928
688798,7567
600657,344
002952,1955
601225,2156
688788,6656
605003,3232
688682,5185
688692,25815
002858,1497
002920,12214
002848,855
600635,673
002930,1101
920876,2531
300963,2099
301488,16239
600108,321
000915,3300
300182,543
603262,2822
600060,2430
920087,1606
301498,6616
300973,4270
920866,816
000905,1386
600881,186
300192,2171
600118,8632
603272,1828
920299,2050
600316,3415
600543,531
605365,2584
603629,2696
603639,1262
601059,1773
601121,739
605589,2862
688308,3226
920230,1216
003039,1448
688270,12100
002533,1254
300335,567
605599,1596
003029,2655
688318,13423
601969,1184
688260,2997
300570,12000
603690,2977
002523,429
601188,349
000506,1320
601811,1337
688425,513
600482,2080
300408,4628
301102,1040
603680,1587
920475,1750
002366,737
601801,649
300560,1624
301112,3935
300418,4018
002376,762
000516,432
601198,1407
688435,4497
300616,1389
002178,631
001212,5069
920703,1446
000718,227
002999,681
001202,1579
000708,1616
000670,736
002168,425
300606,2397
002989,3123
002010,585
600828,624
688116,4760
300043,567
002655,1297
000035,554
688106,1950
301559,1589
300053,1833
920146,873
000025,1743
300211,846
002645,1481
603868,4040
301421,10281
600838,1131
920304,1380
002407,3419
300369,735
603089,1277
300201,651
603099,4602
603878,926
688469,681
300379,123
603900,855
300444,985
688511,2823
920429,1515
002252,636
301036,3459
688479,1861
920541,1338
300454,11340
301026,2861
002242,1038
688501,2665
301228,3878
000422,1454
001326,4585
300722,3474
002134,2546
001336,2501
688677,4317
301238,2066
920627,2142
300732,748
002124,276
688667,7304
600864,671
603297,10417
920062,964
301505,2250
000898,253
688022,1528
300177,1009
002761,850
300996,1645
600085,3232
600874,593
002609,915
000069,248
600095,1115
300167,496
301515,2000
300986,1026
002771,1504
000888,1284
688032,10186
600711,1510
301281,2950
000695,1303
301291,4292
000685,1132
600679,1345
920942,3111
000959,490
300857,15689
000821,1349
603356,1421
000949,557
300847,1696
000831,4628
601728,624
600222,666
688285,866
603030,299
688295,3290
603158,1080
600232,776
002393,2185
603020,1012
600477,282
300585,1825
603665,3141
601005,147
600467,260
601015,367
002383,1327
000591,445
605339,1971
300595,1478
603607,2759
301195,3331
600415,1587
601886,793
002289,3070
600405,522
002299,1656
000581,2067
301185,1869
603617,758
600338,1512
600250,1148
601077,631
603052,3188
603042,1722
600328,835
600126,815
688181,3222
688191,3131
300835,6571
603334,4190
600136,167
600773,1218
002097,1225
603324,2489
300825,949
605155,1731
601279,530
300681,2484
001285,5562
002876,2326
600763,4033
603409,3722
002866,1859
601311,923
300691,1682
688138,2831
920000,1936
300115,4513
301567,4459
002703,2185
920010,1120
600816,284
300105,714
301577,5646
002713,855
688128,2953
688050,6160
300740,2176
000736,532
688615,21103
301332,930
300638,2831
002156,3829
300750,36920
301322,2756
300628,3610
002146,164
000726,713
688605,6387
920533,3332
000528,1195
300426,775
002348,583
002230,4895
920523,2621
300436,9106
002358,556
000538,5694
688573,2290
603193,2420
003017,3019
688563,5688
002465,1512
301601,2807
688326,11535
600381,439
300263,877
003007,3665
603183,428
600391,3373
688336,6027
002475,5807
301611,8701
603177,1140
601717,2486
002481,512
600365,326
603167,930
920392,3420
300287,482
600375,585
603986,22022
600448,315
603722,4138
002491,608
600530,639
688597,832
600520,2492
600458,1338
002953,1156
688789,8081
605108,1903
603444,42420
605118,3008
002943,3738
605060,3680
688799,4773
300868,3100
603201,1692
603211,2361
000966,428
300910,5719
603369,3497
300878,2577
603379,6061
300900,3532
601519,1300
300099,739
301217,3574
920608,1876
002073,820
001319,2751
920770,1849
603585,1890
600797,979
300665,972
688648,6274
002892,1361
000603,3062
600787,562
001309,24067
688720,6980
301207,1871
688658,2279
002063,603
002882,3053
300148,433
603595,1699
002626,2000
300675,1539
688165,2458
300030,732
000056,201
688175,2941
002636,1722
300020,350
300158,579
600933,1987
688203,1269
002540,713
002438,1578
688213,9589
002550,789
002428,3009
300346,4307
301171,3674
688456,7546
002315,4431
600589,713
601083,1118
301009,1264
300503,6380
002305,220
601872,898
301161,3708
300513,928
000565,749
301019,2304
002377,287
600599,1045
601800,828
301113,2381
300419,614
600493,748
601199,556
300561,1465
603681,1921
000517,179
600483,950
300409,2290
002367,771
000507,521
301103,1944
300571,2726
601968,538
688261,8316
002522,562
003028,2975
300334,691
688319,2532
605598,6793
920221,1756
688271,12711
603825,914
002532,1620
003038,1583
688309,2389
605588,5031
300324,599
688107,2734
600839,908
002644,861
300052,1240
301558,810
002654,1427
600941,10035
600829,1089
000034,3928
688117,3841
300042,2586
301548,5542
002988,3774
301275,5350
001203,3111
002011,1271
000709,233
300607,3377
002998,758
002169,1224
000661,9274
002001,2514
301265,1315
000719,1165
300617,3219
002179,3546
001213,404
300193,891
600880,486
603273,2021
301499,2940
600119,779
002785,3700
300972,20066
600061,766
600109,936
301489,20900
300183,1475
300962,1612
600071,2060
002795,639
002931,2882
688693,3644
002849,1573
002921,1636
600624,530
002859,2775
688683,3160
601058,1643
600552,1243
603638,1910
600307,166
603115,1872
603628,1369
603105,920
920593,3766
603766,1585
601106,400
002290,4543
601116,1373
000598,705
300496,6679
603776,1760
605507,2466
600259,5630
688386,8480
600249,585
688396,5322
603123,1638
600331,1279
688198,10866
000922,1366
603255,2887
000932,560
600057,864
002917,1335
603400,5255
688188,13720
600612,4426
601318,6880
000796,679
603578,1192
301392,12878
300698,4242
603568,2515
002907,1496
300688,2871
600602,1860
301382,3478
000786,2478
920019,2014
002662,405
688121,1093
000002,462
300895,4357
600186,592
600967,1650
300074,459
688059,8204
000012,444
300885,3098
600196,2646
920009,7651
688131,7254
688049,5365
002672,474
920171,2343
300759,2879
600977,1568
002037,952
000657,2804
300621,835
300749,1218
002027,729
001225,5550
000531,641
300631,2851
002351,1206
301135,2770
002229,1550
300547,4051
301125,1823
000521,644
688247,972
300557,3485
002239,299
600398,613
603813,3830
603803,1160
301618,4853
002514,595
920207,2174
688257,3496
300302,1826
600388,1624
688225,1870
002566,758
301608,8750
600282,538
603871,1380
601788,1766
603090,5948
300370,259
603909,1145
688235,27200
600292,1332
300218,1562
601798,887
603861,1245
603919,2071
002576,1747
603080,2409
300360,1771
920275,872
301157,5206
002333,563
000553,553
300525,1388
688508,6158
605389,7416
000543,802
002323,165
688518,2461
605399,1366
300535,1781
000635,897
688716,4344
301231,3001
002055,679
301349,4745
301221,5260
300643,1954
002045,1399
301359,1904
000625,1190
300653,1994
000060,580
688143,5020
000881,893
002600,1583
300016,799
600905,410
002778,2079
000070,1198
688153,3804
300006,524
002768,5290
300782,8240
600708,367
301288,1778
001386,2272
002975,7830
002194,1293
002965,4137
001396,5001
605056,1656
600718,991
601212,595
300792,2731
301298,1586
600660,6450
002184,1320
000838,306
603237,1654
300936,3646
688082,17696
600025,905
000950,594
603227,828
688092,2490
600035,388
300926,3248
920833,1652
603151,1837
000828,1078
600343,4875
603039,5183
600353,1601
603029,1824
001979,855
600516,575
301096,5775
601985,867
920489,1802
605258,3110
301086,11338
601995,3519
600506,2912
300400,1995
002216,1132
603698,3680
300578,2061
301072,2206
300410,820
300568,1564
603688,3687
920505,4365
002206,590
301062,834
688278,8361
688545,3649
300255,6168
003031,7370
688300,6302
300245,1206
002443,820
003021,12891
688268,5765
002453,642
688310,1556
301439,1504
600820,654
920026,3564
300133,809
600958,1086
002725,1719
688066,3121
301429,1889
300123,803
600830,958
000155,1176
688076,3767
300766,3177
002735,1639
301551,3123
603486,8141
002008,4190
000668,992
301314,4166
002170,1213
000710,1116
002991,5670
688633,2358
600694,1793
002981,2871
000678,1544
920663,1848
300776,6073
603496,2712
600684,431
000700,1389
688623,9570
002160,525
300813,2462
600100,872
920906,2981
600078,978
603312,4687
300803,13479
600889,1642
600110,718
000875,563
600755,739
002928,1077
600745,3749
002938,5121
002850,16444
603557,256
002840,972
603759,1039
600433,328
688484,4163
601139,659
002582,1085
603895,2962
600266,461
600423,375
300394,21247
603885,1388
600276,6018
300384,1617
002592,859
002498,385
603016,2922
603006,1321
601666,792
002488,900
600529,2000
605277,2247
601033,1500
600539,1004
600737,1720
688790,15552
605111,3674
002832,1510
002822,403
603535,1074
600727,690
605069,1485
002686,654
603208,1446
920964,668
600162,183
300871,2064
603370,4655
600983,951
000807,3165
920185,3255
600172,578
300861,1490
300909,4908
920974,795
603218,1320
300919,4575
002696,700
601500,499
603360,3199
920195,2095
600993,2807
300080,493
688729,2490
301376,1841
688651,4341
001278,1957
002112,1340
688739,2582
920779,3405
301366,3552
002102,335
000762,2655
001268,3742
300151,1515
001300,1522
688004,2295
300029,453
002747,2366
300141,1271
002757,1770
301533,4282
300039,603
002559,1012
300237,263
002421,285
603936,1244
688362,3295
300227,906
002549,2097
003043,4613
688372,11326
603926,1670
002431,237
300462,1134
002274,572
301168,4610
301010,2304
300472,791
600590,936
000404,673
301178,4925
600580,4963
002264,905
301000,4058
002085,1595
600761,2155
920786,989
301399,1990
300693,3908
600619,2055
600771,1817
002864,3094
600609,461
002095,1782
001287,2280
301389,5654
300683,2807
920932,2201
000929,890
300827,3532
603326,888
688193,4830
300837,3265
603336,869
688183,9768
603138,1410
600252,273
603128,608
603040,9169
603050,1747
603615,2290
301187,2759
301197,2070
603605,6717
000593,1121
003005,2005
601065,830
603181,1454
300261,670
920374,2409
301613,5117
603818,356
300319,1183
601699,1185
688334,1933
603808,868
603960,2013
603191,1493
003015,1558
300271,718
601689,7788
600383,303
603970,1298
301603,7691
002467,600
300434,1032
605298,3980
688419,2800
301046,2449
002222,5738
688561,3530
605288,9120
688409,6783
688571,748
300424,1825
002232,1847
301056,1680
001356,1300
302132,7894
300752,1808
301258,3275
688607,4350
605086,4646
301320,1699
002144,1269
301248,3163
301330,3306
002154,386
688617,24313
000009,995
600814,831
300107,682
002669,1476
000990,792
688052,16190
002679,1217
301575,5099
920002,11464
000980,358
000019,695
002701,602
301565,2460
600876,986
603285,2430
300165,474
301517,6560
688148,902
002773,2997
920108,1344
688030,1785
300984,7682
688158,2802
600097,1136
600866,680
920060,3304
300994,1581
688020,6979
300175,570
002763,779
920118,2255
301507,1543
300648,5193
300730,1329
002126,3881
688665,4916
001324,1792
300720,3365
002136,1242
000756,1553
000558,512
300658,1327
002338,5718
000420,461
300456,6215
688503,6225
689009,5580
301024,3523
002240,3340
300446,2456
920553,992
002328,671
688513,6051
002250,1318
000430,757
600289,668
000548,537
300203,1587
688356,8218
002415,2985
300213,932
600299,901
002405,889
300597,927
002381,658
603677,1810
603912,865
600475,1839
601007,772
002391,595
300587,606
603667,6362
600230,1446
603022,1024
688297,4748
600348,827
600358,595
688287,611
603032,1938
920950,1790
300845,1109
600156,836
688089,2326
000833,1855
603344,3396
300855,3250
000823,1373
688099,8805
600703,1416
301283,4697
300789,2186
002806,1241
603511,1541
301293,5990
000697,859
600713,538
603501,12680
002816,2242
001369,1968
000663,756
301267,1799
002003,1069
688638,3553
001211,2613
001379,2394
300615,1327
688750,1950
301277,1170
300605,1552
688628,3181
000036,674
688115,6443
001201,1469
300138,1238
002656,280
300128,728
300040,605
002646,873
000026,1489
688105,2009
300050,546
920145,2465
002530,1052
688273,4258
002448,1294
300326,556
002458,844
920223,2307
002520,632
002365,1504
688426,2380
000505,866
301101,3999
600481,644
300573,6922
603693,1180
600491,264
301111,1933
301079,3190
002375,379
301069,2878
920476,2080
300563,3701
603683,2605
002589,327
603107,1488
600315,2252
002599,859
603117,465
601777,1070
600305,786
600438,2101
605366,628
600428,714
600540,467
600550,1085
605376,6698
605178,5298
002923,1202
688681,1742
600626,439
605168,3785
002933,3635
688691,10857
600636,853
300181,1639
603261,2369
300818,3554
600892,366
002797,695
603319,3828
601579,2048
600073,642
300960,2582
300808,3100
000906,594
300191,1821
603271,4148
600882,2562
300970,2156
600063,594
002787,1244
603309,1357
600169,229
603203,3743
300902,2106
600011,739
301591,4089
600988,3163
600179,549
603213,1306
301581,4715
600998,509
920807,1461
002941,1604
601236,822
300912,1647
603456,1806
600644,981
601226,795
002951,1539
002839,460
600654,374
002829,3030
603730,871
603648,1056
600522,1808
601038,1410
688595,3296
688585,11867
603165,1274
603658,3575
300285,2720
603175,6891
300295,1230
600377,1205
002493,1198
600367,1789
002483,718
300469,6134
301163,2655
000567,649
002307,507
301173,4519
601908,400
603789,534
601860,277
300511,618
603799,6803
300479,1891
002317,1931
601918,658
920414,1125
688211,3050
300501,1500
002552,1668
920339,983
300344,109
688369,2374
688201,1406
002542,333
603855,1943
300354,4584
688379,5514
688177,2309
002634,514
301528,6741
002624,1640
300022,811
688167,17681
600859,1484
300032,540
301538,7865
002061,399
688722,2006
301205,17112
002119,1654
600785,1348
300677,3920
000601,472
002880,2549
000779,821
301215,677
002890,1473
002109,356
600795,516
300667,1743
688151,2031
603587,1335
001400,7454
002612,1955
688029,8230
600917,545
300004,1170
000893,4794
920111,2315
002602,1747
688141,4410
000062,2476
300014,6770
000883,456
920101,4004
688039,4450
300729,1365
002047,366
301223,1831
001255,3216
300651,2038
002057,1034
300739,1827
301233,5138
000637,433
300641,1780
000541,599
920422,1295
002321,235
300537,2175
002259,377
000551,1415
301155,8059
688472,1537
002331,879
000429,1197
300527,804
002574,562
002249,1109
688237,4732
603863,2078
301668,4819
603082,3699
600280,399
002564,765
688227,6386
301678,6596
920267,2285
603092,6361
603716,2095
002398,579
601997,587
002388,631
603706,1933
600229,629
601166,2109
605577,1266
600351,649
600239,235
603153,1693
605567,1091
000952,699
603225,1990
600037,726
603235,2692
920821,2642
688090,4518
688080,5060
600027,497
920685,1360
300790,2969
002186,1155
603508,2782
002967,2197
600662,502
601368,486
601200,802
002977,3923
300780,1935
603518,975
600778,690
002196,1543
600600,6127
301380,3150
002905,1162
002915,2499
600768,1389
600610,988
300946,5715
000930,580
301390,3329
600055,1569
000920,1243
603257,5803
000848,851
000858,10736
300956,1682
600333,556
603121,2147
603059,2997
603131,2972
600323,2820
603049,5659
002282,730
300494,1200
600566,2653
605228,1480
300484,1910
600576,635
002516,662
688255,3650
603801,915
002292,873
603979,7715
300278,612
300300,1639
603198,4007
603188,456
002506,282
300310,590
300268,1348
603811,1053
603969,1004
000523,384
002343,708
301127,1541
688400,4319
300555,1475
688578,10579
002353,7297
301137,4786
000533,848
688410,1509
300545,3113
688766,12760
688568,5312
002025,4856
300633,2620
301339,1439
920726,2104
688776,9845
000655,949
002035,625
301251,5386
001227,232
301329,2326
300623,2738
002670,1706
000989,877
688133,2200
000010,351
300887,950
920992,1738
300066,625
600975,595
603386,1635
002708,1342
300897,2576
600184,1888
920982,23480
002660,929
688123,12765
000999,2854
603396,3375
300076,773
600965,604
920163,1454
002694,375
600170,264
920976,2612
300863,5142
000815,1116
301588,1793
300082,1012
600008,300
300873,2190
600160,3844
601512,893
600018,540
600981,317
300092,1584
301598,6227
002958,310
002820,1198
002948,448
002830,2001
603729,1583
603527,1113
600735,478
600216,1374
603739,1404
601021,5760
600206,2047
603004,2332
601869,11930
603014,3979
301002,3355
300470,3735
603790,1958
002266,415
601088,4045
688525,11789
300508,3681
600582,580
300460,768
920575,869
601098,1100
600592,2827
688535,11343
301012,2574
601901,782
300518,1778
003041,4984
002276,1732
300225,577
688370,2442
688208,3668
605499,26802
688218,2287
688360,2220
002423,1177
300235,1607
920056,2477
301449,8670
300143,987
600850,2947
688016,9160
600928,371
002755,1627
300153,2970
920046,1350
301459,4460
002745,959
600938,2986
688006,2985
300716,1197
002078,1565
002899,2813
002100,760
002068,887
300706,3505
000608,263
002110,444
002889,1585
688653,1215
300774,1931
688759,2804
002162,471
002983,2235
301306,10764
001208,2438
920719,1272
688621,6418
000702,668
600686,1724
001360,2173
688631,6473
002993,4392
600696,305
001218,2300
301316,4580
002172,401
300059,2343
300121,1285
000712,1215
002737,1481
600822,1060
000157,855
002727,1313
300131,1471
300049,7136
003023,2258
300247,513
688312,3333
002529,679
002451,1047
003033,7655
300257,1418
002539,1187
002441,937
688302,4857
603956,631
600498,2916
002204,757
301118,2490
301060,924
300412,530
301108,3386
601963,1090
301070,6028
300402,2147
002214,1786
600488,409
002590,1481
688557,3686
603887,1358
603066,1071
300386,1790
603897,2729
601606,5026
601616,387
002580,1254
300396,1282
603076,2341
603633,1011
688486,7533
600421,704
600559,1610
688496,588
600549,4089
002842,1470
688698,10355
600757,873
605009,3089
002852,1059
920914,2643
000096,1034
300801,2807
603278,1549
300198,254
300979,5095
000877,534
603268,8565
603300,789
300811,7198
300188,1445
603310,1685
300969,12805
600340,216
605566,3115
600238,636
600228,569
600350,972
301095,7105
605333,3028
600515,515
603707,909
002389,2382
600505,1301
601996,229
301085,5294
601177,1758
002399,1181
603717,777
605055,1007
600673,2298
002197,1056
603519,1203
002976,2885
300781,3313
920694,1948
002187,809
601369,1015
600663,788
300791,2542
001395,4376
002966,827
601211,2051
600026,1171
300935,3103
688081,3551
688091,4669
600036,4228
300925,2080
000953,722
300640,797
300738,1850
301232,14280
000636,1639
002056,1980
300650,1677
000626,799
301222,2880
000882,206
002046,4170
920100,7759
600906,678
300015,1103
601595,2919
688038,1675
002603,1710
000063,3727
920110,3572
688028,6497
000892,684
600916,809
300005,1072
688150,2764
002613,372
920068,1890
300373,6941
603093,1975
920266,910
688226,3823
600281,596
300363,2345
603083,13811
002565,1666
002575,619
688236,2295
000428,327
002248,1173
920433,585
000550,1902
300536,724
002330,489
002258,1317
601857,1025
002320,1201
688569,2174
601825,917
002352,3838
301136,1962
688411,25292
000532,1628
688579,1060
300554,2303
688401,4931
002342,858
301126,1309
300311,444
603968,1113
920204,1787
002507,1294
300269,675
603189,1889
688244,2408
603810,1590
300301,235
603978,2888
603800,4849
300279,735
603199,3615
002517,2208
002719,857
300077,2034
000001,1148
300896,14125
600185,677
688122,7396
000998,941
002661,916
000988,8071
603387,833
002671,518
002709,4536
300067,483
688132,1834
600195,788
300886,2572
001226,4342
000011,886
301328,4774
688777,4883
300622,3149
002034,1587
301338,9050
300632,1390
002024,171
001236,1075
688767,3898
000859,1077
688802,60892
603256,3791
300957,3967
000921,2516
600054,1126
300947,1993
000931,486
301391,7892
600611,546
000795,998
600769,1194
600601,1205
000785,294
301381,2064
600779,3870
600577,1199
002293,1042
300485,1061
002283,624
600567,170
920580,1516
601628,4557
600322,234
688385,7414
603048,2118
603130,5150
603058,942
688395,2406
600332,2566
603120,3832
688361,15188
002422,2883
688219,1251
300234,524
301656,2628
002432,4008
688371,1858
920249,1323
300224,1557
003040,2032
688209,2027
605488,3475
600593,4146
601099,413
002277,691
000417,784
300519,1494
301013,2762
601900,1331
601878,1085
300461,1901
300509,1322
002267,751
301003,4359
000407,518
600583,551
601089,2432
920564,2254
002888,1977
601868,234
300471,1275
002111,1034
002069,369
688652,9850
300707,1669
000761,335
000609,874
002898,1360
301365,2466
002101,1239
000619,621
002079,962
001313,730
301520,3963
300717,1896
688007,1861
600939,320
301458,3269
600841,600
920047,2314
688017,19110
300152,216
600929,561
920057,647
300142,1107
301448,5197
600851,699
002831,2852
688793,2188
600734,491
002949,1521
603536,1101
002821,9300
002959,4211
688783,2306
600019,741
600724,568
300093,1697
603373,3769
600980,2279
002685,764
300872,2027
600161,1646
300083,940
603363,470
600990,3109
600009,3279
301589,16390
300862,2272
002695,1170
600171,3152
603015,1291
600207,515
603005,2784
601665,564
600217,405
601020,2718
603738,1569
601158,443
600452,941
603650,4445
603728,7298
600558,610
600548,877
600420,1012
603077,227
300397,1479
603896,1939
603067,2899
002581,748
600265,1995
300387,846
601607,1782
002591,902
603886,1348
603311,1562
300189,741
300968,1486
300810,3828
603269,1329
600103,432
300978,1247
603301,7075
000876,926
300800,1163
300199,1825
600113,6355
002853,2160
688689,2819
603279,1645
605008,1440
600756,1776
002843,2048
688699,4422
605018,1152
600746,702
688065,5005
002726,415
300048,596
301552,3766
300130,2695
002736,1307
300058,960
000156,750
688075,3852
920035,4197
000713,666
300120,833
600833,1295
688630,13614
001219,1413
600697,1334
002992,4854
002173,2180
301317,3197
920670,1587
300765,3571
301307,3557
920718,1527
002163,2225
000703,1098
688620,1191
300775,3060
001209,2033
688758,1793
002982,1391
002215,1087
688556,1175
301071,3619
300403,1461
301109,1497
600489,2337
002205,1456
301061,9536
600499,1366
300413,2382
301119,4952
002440,756
688303,2720
002538,676
300256,400
688313,9060
003032,636
300246,804
002528,275
003022,1987
002233,905
688570,1833
301057,3453
688408,4279
300425,494
605289,6704
301047,6739
002223,3821
688560,1428
688418,4226
605299,1139
300435,2210
688325,8880
600382,724
300308,63200
002466,5638
601688,2357
301602,2175
603809,1466
603190,2669
002476,704
300318,624
300270,1101
600392,2168
688335,2679
601698,3248
603180,2031
300260,5473
920375,1318
003004,2144
603819,1201
002700,667
000981,403
920003,3322
600805,539
002678,529
688053,3648
000008,285
002668,1082
300106,1069
600815,361
000735,900
002155,2130
301331,2638
688616,1215
920656,1745
300743,2299
688606,6391
000725,417
301321,1870
002145,492
301259,3350
603337,4227
300753,2803
300836,5568
600125,644
000850,542
603327,1083
000938,2473
688182,2870
000928,656
600135,938
688192,5615
300826,1679
600608,335
002875,1674
300682,1550
600770,511
001286,940
301388,3021
002094,727
300692,858
002865,5363
001296,2629
301398,5370
002084,387
600618,1206
600760,5645
000592,1680
301196,8300
605358,3498
600416,1468
000582,930
600406,2258
920599,2060
603051,2047
301186,4763
603129,27888
600243,529
603139,2027
603041,1203
600359,723
603033,1076
600221,177
688286,7958
600231,217
688296,1321
603023,535
000488,218
601006,518
300586,1090
920493,13211
603666,3031
002390,325
603676,1057
601016,297
300596,4281
000498,602
002380,2731
603500,1195
002817,754
601360,1085
300798,704
600712,696
301292,6851
601218,507
002807,458
600702,5700
000686,946
601208,2709
300788,2716
301282,2909
603355,3179
000822,530
688098,874
920839,4332
300854,1745
688088,4802
603345,7979
300844,3493
000757,491
600157,158
300659,1506
002137,867
301353,2660
920634,2437
001325,4939
002127,340
300721,1276
300649,1421
300731,5833
001335,4973
300995,4160
688021,1825
002762,688
688159,4907
920061,2860
300174,1553
600867,822
301516,1568
002772,1453
300985,1854
600096,3382
688031,9754
300164,571
002404,697
600877,1749
688347,10990
300212,1680
600298,4282
603903,1409
688357,3329
002414,1477
600288,1495
002251,532
301035,6770
002329,398
300447,1765
688502,39695
688512,1115
301025,962
000421,685
002241,2890
000559,1569
300457,2745
600551,824
002339,908
600429,516
601133,1547
605377,872
600439,276
002598,1075
002588,989
603116,630
601766,685
603106,1060
600062,1836
601568,375
300971,2433
002786,859
603308,4317
300809,3757
600883,803
603318,661
603270,2667
300190,429
002796,2920
600072,1162
600893,3995
300961,1416
300180,687
603260,5368
000917,1035
300819,3748
688690,2582
605011,2008
600637,967
002932,1782
605169,1328
688680,3860
605001,774
002922,3111
300051,650
605179,2110
300129,1000
000027,657
002647,779
000037,826
688114,6072
300041,1118
002657,3002
300139,3140
300604,10570
301276,2805
688629,10210
002012,638
000672,1181
001378,2340
688639,3251
001210,1753
920701,1791
300614,1258
920679,1986
001368,2441
301266,3615
603682,652
301068,2615
600490,771
300562,1344
000514,491
002374,373
301110,6456
300572,2853
301078,1029
002364,2640
600480,1235
301100,2125
000504,883
002459,1164
300337,1458
002521,827
603836,1349
688262,3050
300327,2893
002449,841
002531,684
688272,2855
603826,1713
300355,404
688200,19199
002543,1023
688378,2838
688368,11668
300345,634
688210,5698
002553,2762
920415,1393
000333,7885
300500,1375
002316,471
603798,1627
301172,2193
601919,1527
300478,3167
688455,2001
000576,1040
300510,415
920405,2667
000566,709
603788,1633
300468,3809
002306,209
301162,5135
000768,2504
002891,5203
300666,9301
603586,1885
000610,1246
002108,484
688733,2988
600794,395
300676,4538
002060,362
603596,5268
002881,4334
000600,843
000778,418
300033,32573
000045,1202
301539,2038
688166,4940
600784,679
002635,1384
600930,631
600858,668
301529,10696
002625,4947
600655,514
000055,414
002828,1078
600848,1153
688176,1142
002950,1091
002838,2440
600645,2550
600999,1670
002940,3367
301580,4464
600000,1239
300913,5346
920806,1379
603212,1415
000965,390
600178,1284
600010,238
300903,1820
600989,1948
301590,17687
603202,9181
600168,510
603995,1789
000975,2427
600366,1395
002482,170
300294,2286
002492,814
600376,689
300284,787
603985,1509
600533,254
603659,2740
688584,2214
605305,4242
603721,1910
600523,1545
300964,5607
002793,478
920871,1540
920090,633
000912,419
300185,283
600067,425
603275,4570
002783,956
300195,814
600886,1310
920080,2808
000902,1572
600622,284
688685,5604
601328,724
002927,1956
688695,2665
603558,1128
002937,2424
601136,1880
601126,3046
600269,519
603103,1642
600301,3830
600279,561
603113,619
300577,2161
603697,1220
002219,215
000501,995
002361,1304
601816,515
301105,4752
002209,1624
603687,968
300567,8499
002371,45900
301115,1578
600495,478
300322,2729
301628,8990
688432,1254
920237,2354
603823,1512
688277,1530
002534,1714
920227,5709
300332,529
301638,1885
002524,412
688267,2832
300044,379
603833,5309
688069,2191
920029,9170
002652,437
000032,1954
688111,30494
688079,1130
300054,3792
688101,1630
920039,1123
002642,811
001215,3698
300611,2782
301263,2883
002007,1519
603489,3089
300601,1486
001205,1708
300769,4533
000677,441
002017,2192
300779,13085
603499,2023
301273,2670
001277,3928
002884,1775
301379,2622
300673,1788
000605,670
688726,3662
002065,909
301201,4233
301369,13436
603583,3784
300663,1730
002075,569
001267,2189
301211,1225
000615,363
600791,469
000050,887
300026,355
600935,244
002748,1334
688173,1483
002630,251
920123,1500
600925,452
300036,1764
002758,1018
002620,496
688163,2157
603939,2166
300340,1235
300238,1390
002556,609
688215,7082
300350,628
603929,9300
920245,2855
688205,14288
002546,707
300228,1001
688538,264
300515,1947
301167,1615
002303,405
920578,2681
000563,346
688450,2742
688528,1063
300505,2283
000573,408
002313,1014
301177,2920
600373,922
605555,1867
603980,507
002497,2461
920394,3910
603019,8539
300281,809
600363,5733
002487,5315
603009,4840
601669,521
603161,1378
300291,776
603990,1576
603171,5410
600526,525
605300,1171
688581,5923
600536,4555
688591,4348
600640,1234
605268,1079
605066,731
002945,1493
600650,1490
600738,514
600728,672
002955,2963
601222,551
301595,4285
600015,685
603207,2872
300906,3548
002689,319
000970,1360
000818,1926
300916,3319
301585,3070
000960,2757
603217,2582
301571,5530
002715,1760
920016,1938
688056,3334
600968,385
300103,793
600810,935
600189,689
688046,1519
002705,1410
600199,973
300113,2000
301419,3458
920006,2655
002140,1116
600800,342
002038,741
688603,7498
000720,332
688613,2028
300756,5884
300746,1268
002150,2036
002028,15600
688565,1088
300548,14030
002236,1896
300430,1928
002226,585
301042,8099
300558,4666
688330,3654
300420,395
688575,1418
301052,3817
600397,779
301617,7240
603185,3100
688248,4491
920208,2471
300265,1336
920370,411
003001,2041
301607,4060
002463,7459
603195,4091
688320,3768
300275,1339
003011,2171
603611,2460
688258,7198
301183,16490
601890,1040
001914,1064
300489,5138
600403,705
601061,1429
603601,1194
000597,524
301193,2190
601880,159
603779,642
300499,3160
688389,1306
600256,493
600246,1289
600048,609
688399,6967
603322,3870
300823,1550
600130,420
600058,1152
688197,3438
603332,1332
688187,4991
300833,4066
603577,1053
600120,623
920926,1709
000799,5530
002860,1354
600765,1918
002081,349
300697,1661
002918,1427
603567,902
920792,1200
300687,2253
002870,4061
001283,6937
000789,527
600775,1220
002908,957
002091,907
603515,1798
002802,1246
301287,4155
600707,642
601375,433
000683,754
001389,8120
301297,3557
600717,446
002812,5713
000837,1299
603505,1899
300939,3427
603238,1716
300841,7231
600152,756
300929,1073
603350,3845
603228,7633
603026,7650
300851,2652
600234,1295
688293,4825
603036,2031
301099,4328
600519,138972
688283,3900
600461,930
300593,2942
002385,405
301089,2794
920496,1007
603663,3529
300583,1356
601003,501
600509,834
002395,1686
688352,1262
300207,2719
603906,2020
002569,1186
603916,950
002401,1586
301665,2848
002579,1201
300217,523
002244,975
301020,2185
601933,492
688507,9818
300452,1321
301158,2211
920547,2386
002254,1015
688517,1567
301030,1186
300442,5142
688661,5080
002122,305
301148,4711
605198,3807
688719,4400
001330,787
301356,2132
688671,2353
002132,358
000752,1082
300724,9710
001258,706
605188,1955
601599,387
688709,4534
300980,3356
002777,1772
920895,2056
300019,2103
300161,2907
603281,2800
600872,1729
301503,3594
300009,962
002767,2210
300990,9442
300171,1578
920885,2219
603291,961
600862,2352
301218,2322
301360,7230
002104,2149
300712,2704
600798,352
001316,3749
688657,5213
301370,1189
002114,849
001306,9090
301208,3992
301535,2129
300702,2364
688012,27272
002629,681
300147,906
600854,494
000049,2718
688002,9765
002741,2030
301525,8732
000059,535
300157,460
603920,4856
600844,291
300359,525
002639,1940
002437,307
603858,1570
002427,686
300221,1022
300231,1025
300349,1444
603848,1827
688521,14099
000402,273
600586,600
002262,2424
301006,1640
920419,1590
688459,958
300474,7270
002272,1815
301016,2076
688531,6580
600596,1165
300464,635
920571,983
688449,4612
603000,1888
603999,690
603178,1912
300298,1713
601718,336
600212,807
603989,1649
603010,1064
600202,584
603168,739
300288,1326
603655,3890
605319,2127
688588,1417
688598,2990
002824,1964
603533,2011
600721,1224
688786,2790
600649,428
688796,5128
600731,679
605117,8640
300086,1195
600995,1267
603366,965
000811,1876
300867,1908
002690,2106
000969,2069
300096,743
603376,3739
600985,1119
300877,2870
000801,1691
920089,2000
300805,1029
600116,659
600106,625
000863,622
300815,2320
920099,3360
301486,12600
603551,1174
603429,992
002846,1612
600743,199
002856,1185
600753,835
603439,1163
603637,1075
600425,418
600435,1500
300382,1576
600308,392
603883,1497
603062,4695
002594,9975
600318,895
603072,4108
002584,885
603893,17875
002200,754
300416,1810
688543,6150
002378,1444
000518,239
688553,1769
002210,368
601186,770
002368,2430
300406,1317
002455,728
300243,1030
688316,5976
301631,10346
688306,1183
003027,2221
920346,2527
002445,261
300253,863
000153,631
688070,5450
003037,795
301557,13197
002733,1983
920030,655
300125,747
920158,1547
688108,1928
002723,839
920020,1717
600826,1055
688060,4177
300135,396
688118,2464
601388,300
002166,858
300608,1083
301302,2235
688625,4119
002987,2080
920665,1388
301312,4986
300770,4267
300618,4519
002176,990
000716,628
300760,19559
601398,785
600692,689
920675,993
002997,3748
600666,327
002963,1529
001390,2433
002182,1530
605138,697
002192,5218
600676,580
300784,4982
605050,1323
001380,2293
002973,1329
600033,426
603359,997
300920,4677
605128,3713
603221,1312
688084,7993
300858,1658
300930,2954
600023,495
603231,1809
300848,1737
600355,222
601727,846
600345,3151
301080,5274
600500,395
603712,1973
605336,1518
600478,692
600510,859
601162,421
301090,704
600468,692
300366,682
603086,829
002408,495
920273,3226
002570,609
688233,7331
603867,2509
300376,667
002418,492
920263,1260
603096,1730
002560,997
600284,855
603877,1451
688223,575
301039,967
300533,3464
688466,1628
000545,291
301141,5246
920436,1742
300523,2408
301151,1881
301029,2694
000555,1636
300655,1608
002335,5675
301227,5081
688678,2445
000623,1962
002043,1419
688668,12961
688700,3573
300645,1842
000633,727
688710,4368
301237,6161
001339,4981
002053,1166
300999,2902
000897,227
603298,2690
002616,548
300989,1780
688155,6075
000887,2375
600903,665
300010,705
000066,1429
300168,636
603288,3728
301568,4945
002606,878
600971,625
300062,908
603382,3213
000014,1355
300883,673
688137,3987
002674,1551
600809,17305
301578,3357
920167,1706
600961,1620
603392,4568
300072,460
600819,805
000004,1127
002664,2401
600180,353
001233,5925
300893,2393
000739,1627
688127,3809
002159,1528
300637,1169
300627,3404
002149,4300
002021,248
000729,1118
000651,4053
002031,808
301255,2936
001223,4850
688772,2185
300551,1725
002347,1125
301123,7950
300429,1334
300541,1478
920454,1685
002357,1061
601958,1534
000537,825
301133,3843
300439,987
688329,2129
300304,1165
003018,1620
688251,3002
002512,635
688339,2764
603815,762
300314,1261
601068,540
003008,2169
603608,936
600562,2756
002286,893
601899,3342
600572,445
603618,820
300490,1218
002296,1169
300480,1660
688390,6193
601100,11296
600337,292
603125,1712
600327,499
688380,3271
600051,751
603135,916
300942,940
920857,3650
600129,1825
300952,3950
688807,18976
002879,1889
600604,557
603416,5591
002901,4802
002098,999
002869,2304
000790,388
002911,1217
002088,1042
603406,4040
600456,3713
688589,2275
600446,1594
688599,1677
605318,6690
603988,2450
300289,697
600203,1307
603169,1062
603011,2328
603179,7419
603001,859
300299,702
603998,1129
000978,708
002681,670
600165,411
300876,3656
600984,408
000800,678
603377,380
300097,714
300866,11345
000968,661
000810,1171
002691,1005
603367,1749
300087,1154
605116,2535
002835,1624
600730,1091
688787,11438
600648,1007
600658,546
600720,730
002825,1182
000058,934
002638,305
300146,1209
600845,2043
688003,5742
600855,2007
002628,412
000048,1723
688013,4891
301209,10920
300703,2447
600789,908
688656,16723
002115,1236
301371,2372
301219,6820
002105,737
300713,1722
301361,3276
001317,5603
300465,1982
920570,3437
688646,3563
688448,4775
301017,1529
002273,2498
688530,1649
600597,811
300475,15035
688458,3962
000403,1378
600587,1453
688520,4359
301007,3822
920418,3051
002263,334
300230,478
002426,382
300348,1465
688365,1582
603931,3126
603859,4021
002436,2170
688375,8310
300358,985
003036,1562
300220,1430
300252,1431
688307,4416
003026,3089
002444,3334
920357,2337
301630,17190
300242,487
002454,876
688317,2025
000509,340
601187,742
300407,1130
688552,3591
002211,318
301075,5869
601966,1463
002369,861
002379,2390
301065,2139
000519,1796
300417,1400
300761,2078
002201,1194
002177,855
002996,746
300619,4468
600693,1782
301313,2572
601399,468
600683,423
000717,259
000707,612
300771,1508
002986,1069
600827,901
002167,1239
300609,3931
301303,1516
300134,1246
920021,658
688119,554
688061,3247
002722,1501
688109,12905
688071,3366
301556,9612
300124,7648
002732,1698
920149,1150
601330,671
600742,1002
002857,2053
600107,686
002847,6877
300814,7644
920879,2156
920098,3060
301487,2219
000862,582
603315,1582
300804,3462
920088,3030
600117,284
603305,1674
002585,671
300393,665
603073,1870
600261,336
600319,933
600271,1159
603882,2800
002595,8475
603063,3358
300383,1244
600309,7700
603626,1953
301150,4187
603636,1163
000554,657
002334,912
300522,1246
920427,1230
301028,1477
002324,1562
000544,831
301038,2303
300532,1171
002561,891
000301,1137
603876,1487
688222,2389
600285,2074
920262,2448
603097,2873
002419,555
300377,2331
688232,2446
603866,526
600295,1250
002571,1208
002409,7255
603087,6696
002607,263
300169,626
603289,1009
300988,2330
603299,1044
300011,857
000886,675
300179,1546
002617,825
300001,2597
300998,2212
001338,1210
688711,3312
000632,594
300644,3673
301236,4784
688669,2302
002052,1306
920751,2118
002042,409
301226,3305
920639,799
001328,3900
688701,822
605180,1435
300654,939
688679,2668
603230,1241
300849,1557
603348,1936
601528,569
300931,1099
600022,152
688085,1778
300859,3672
000957,1096
603220,2127
920834,1542
688095,8692
300921,2241
920690,3469
600032,735
603358,4946
300785,4096
002972,1193
001391,602
002193,531
002962,1438
920680,110
600667,803
600469,678
300795,1347
002183,479
600511,2873
603703,1359
301091,2615
601163,1429
605337,1186
603713,5569
600479,1013
301081,1013
600501,2739
601992,168
600354,671
603156,2614
600326,1108
688381,2315
605500,940
603124,8146
688391,2839
002297,1172
600336,819
601101,726
601898,1260
300481,1555
601111,907
601888,9021
600573,1200
603619,2350
300491,2507
600563,10600
601069,2718
603609,716
002910,1128
002287,2362
605033,1998
000791,650
002868,3290
600615,1117
301395,1212
002099,651
600605,3022
002900,1270
600138,1001
002878,1754
000935,2500
000925,874
300953,16898
300943,2047
002030,599
920856,1700
600128,1091
600050,509
300626,1464
002148,863
000650,567
000728,838
001222,2362
000738,2092
002020,1890
300636,749
600818,960
002158,2515
300073,5836
300892,3066
688126,2146
600960,539
603393,2696
600191,1281
300882,1900
688136,3167
600808,420
002675,1336
300063,822
603383,3636
003009,7140
920378,1020
600970,1033
300315,488
688338,2598
003019,3371
002513,672
920368,2539
300305,594
688328,2880
000536,485
301132,3357
002356,403
920455,871
300438,5530
002346,2003
000526,3805
300540,1845
301122,2709
300428,2370
300333,1153
300550,1463
920445,1174
688266,9225
601949,642
300323,762
688276,1902
603822,9530
301629,21632
002535,394
002370,732
000510,1230
300566,1839
603686,3158
688433,6540
002218,432
002208,1125
002360,488
300576,3897
603696,2121
000676,855
688755,3951
002016,570
300778,1346
301272,3990
300600,1478
300768,1845
603488,772
002006,2344
300610,1175
688100,3871
301262,2482
601390,540
002653,5062
300055,803
688078,2750
002643,1499
688110,13491
300045,2791
688068,16132
002936,193
603421,724
600956,727
002926,932
603559,715
605005,1945
600633,1277
601339,579
600623,754
002782,1873
000903,264
600887,2869
300194,444
600066,3235
300975,1261
300184,997
920091,9150
000913,1565
600897,1748
600076,328
002792,3970
920870,1786
300965,7133
600278,761
600300,351
603102,4222
600310,384
603112,1777
600268,1058
600545,259
601127,12134
601137,2186
603757,4736
603725,923
600537,430
600527,220
688580,4860
601155,1373
688590,1835
603170,1420
002486,309
300290,2732
603991,7291
603008,2238
600362,5025
601668,516
603160,7855
601700,575
920395,1142
601678,429
600372,1319
002496,175
603018,756
603216,4640
002698,1705
920802,1550
000819,1622
300917,3905
600004,942
301584,3044
002688,593
603206,1690
300907,2990
000809,331
605077,1482
600729,2613
600651,719
601233,1740
688162,3119
002759,4603
300037,5254
600641,1757
600739,1123
920122,3356
002631,598
688172,2722
300027,224
002749,1317
002074,3950
920132,1660
301210,3650
688737,2274
600790,381
300662,2495
301368,6398
002895,3676
001266,3579
600780,565
688727,4790
301200,12244
002064,1107
002885,2705
301378,2781
300672,10840
301176,2568
000572,816
601865,1589
002312,1108
688529,1845
920579,2721
300504,1460
301166,2970
002302,613
300514,1319
688539,4876
300229,1946
603928,1603
002547,467
300239,582
002557,2192
300351,1819
603938,1953
300341,1649
688398,1699
603055,902
600257,597
603045,1946
688388,4062
603778,1632
000596,13562
601118,592
601881,1582
300498,1712
301192,2990
603600,1181
603768,1155
301182,4397
300488,3280
000586,1362
603610,1960
601108,881
002090,1185
002909,704
300686,1500
600774,917
603566,1250
000788,610
001282,2119
600764,2700
002919,2280
002871,1701
000798,1064
002080,3771
002861,1823
600121,421
300696,2859
300832,5640
688186,2303
603333,827
600059,918
688196,5489
600131,1606
300822,1597
603323,504
688612,3316
002029,1144
300747,2688
000731,657
002151,4130
300757,22507
301335,2912
002039,1794
920642,1652
000659,390
002141,383
301325,5138
688602,873
600198,916
000721,894
600801,2444
300112,859
301418,3663
000985,1937
920007,6769
301560,3426
300102,2381
600979,440
688047,13300
301408,1854
000995,1265
920017,1819
002714,5089
600969,964
600188,1325
688057,1219
003010,3599
300274,17907
603194,3814
688259,4116
301606,5810
002462,1466
688321,2903
600386,439
688249,3337
003000,1143
300264,618
920371,1051
600396,286
688331,7737
301616,5170
002472,4725
601838,1612
300421,3595
300559,1254
301053,3502
002237,1336
601828,271
301043,6480
002227,1207
300549,1901
920556,1005
301149,1063
300443,2860
688516,4603
301031,11307
002255,1275
301159,3539
300453,866
301021,4907
000425,1133
002245,1785
688506,32266
002578,454
688343,7743
603917,1460
002568,2136
300206,1275
002400,847
688353,11710
002410,1241
603290,9760
600863,451
300170,1764
002766,550
300008,793
301502,4466
688025,14343
600082,402
601588,172
300991,4026
600873,1016
300160,544
603280,3764
920075,2622
300981,1252
688035,4878
301512,4352
300018,1115
601598,608
300725,3893
688708,6145
920748,4558
605189,1607
002133,333
688670,2071
301357,14976
001259,3000
000753,800
688718,1305
605199,799
300735,2484
688660,1623
600143,2000
002123,1241
300850,4257
603229,943
300928,3092
000826,219
603351,2567
300840,1956
603239,2110
600153,932
603341,4215
300938,3248
920689,3090
000692,348
600716,383
301296,854
002813,2850
920699,4770
301286,4173
000682,1179
600706,1079
001388,4329
605058,3048
002394,1542
002803,1624
600470,608
603662,7033
300582,1630
301088,1728
600508,1185
600460,2819
002384,8740
601002,522
601012,1844
600518,191
301098,856
300592,1043
688282,6124
603037,1456
688292,2724
600235,680
603027,978
002648,1768
920033,1750
600835,3003
300126,855
000028,2461
688073,6065
002730,1499
920023,466
600825,612
002658,868
300136,5300
301279,3167
688063,5861
300773,2660
301301,1014
002984,2132
688626,5981
002165,758
000705,905
600681,408
001367,2195
301269,10729
300763,7269
000715,643
600691,279
688636,4232
301311,1878
002175,448
300415,2630
002203,1325
300405,643
920478,1855
301067,3296
920510,2348
688428,2059
002213,2671
688550,4515
301077,2632
603839,810
300240,740
688315,1327
002456,1061
300338,380
300250,2408
301632,2418
603829,2229
002446,1035
301622,6425
300328,1723
600426,3161
688305,6105
605378,2291
600436,16910
605368,771
603880,618
002597,2093
600273,843
603119,11781
300381,644
603061,13901
601601,4191
603890,1657
603109,2598
002587,669
601611,1296
920284,3730
300391,95
603071,1319
300806,3095
600115,567
000908,728
601567,2292
002789,1077
603307,3899
600105,2591
002799,840
300816,4796
603317,1261
000860,1478
601577,974
600740,379
605166,1053
002845,1406
600638,615
600750,2348
002855,1630
600628,799
600722,597
601228,325
002827,3761
600732,1342
603530,4112
688795,60921
601238,817
002837,11320
603458,1044
002693,696
603520,941
600177,754
300864,1970
920971,3261
603365,2099
600996,994
300085,4134
920190,2541
000812,477
920809,708
920961,2760
600167,710
002683,4449
601515,414
603375,3648
920819,388
600986,770
300095,1277
000802,463
600369,451
600211,4205
600201,1500
603013,2452
600379,1155
600444,1825
603656,2280
601026,2027
300222,1102
002434,978
688377,3661
300232,703
688367,3050
002424,423
603933,2687
603797,468
300477,272
601916,303
301005,14670
002261,3417
688522,3976
002319,1209
600585,2184
002309,337
000401,439
603787,1299
300467,2793
600595,792
002271,1354
000411,1323
301015,2300
000767,281
300711,2301
301363,2500
002107,637
603589,3026
300701,1294
300669,2640
301373,3262
300679,5022
000777,2585
603599,1157
002117,1424
688169,15181
600857,1374
300144,818
002752,714
688011,6031
301536,6142
600847,1144
300154,976
688179,1261
301526,707
920139,2101
002742,453
688001,3045
000937,540
300941,2381
600052,463
300839,1220
603338,5713
300951,3384
000927,259
603328,1115
300829,1658
002902,2305
002912,2912
001289,1500
301397,3568
000783,819
301387,5457
001299,1337
301199,2355
300493,1952
600617,314
000793,279
601113,468
603773,3373
600419,981
600561,647
002285,280
600409,638
002295,1299
603126,668
600571,1560
300483,1449
301189,4233
688393,2380
603136,1175
000524,1197
688383,7515
605286,4112
301120,1800
002344,478
002354,626
300552,3022
301058,1093
301130,2845
000534,2194
605296,2945
301048,1138
300542,1999
688252,2142
002511,847
603806,1403
002469,843
300307,709
603816,3085
002501,247
920212,1351
300317,385
002479,488
002677,833
301413,13730
300119,1919
300880,1764
000017,788
600193,383
920174,4845
300061,1036
603381,2011
000007,1162
300890,3003
920985,730
600183,7076
002667,1321
300109,1671
600962,2367
300071,590
603391,6611
301246,2450
002022,593
300634,2444
605098,4164
688619,1371
001230,2179
301256,1360
001358,2564
000652,419
002032,4418
605088,3474
688609,986
300624,6819
000620,274
002040,981
002138,3652
000758,649
301234,4312
300656,2216
002050,5250
920753,2237
002128,2794
000630,580
688156,1600
002615,762
600868,339
920116,8039
600089,2260
301509,3391
300003,1588
002605,2328
000065,1219
688146,4012
301519,1340
300013,396
920106,8026
600900,2732
600099,1026
002573,375
300365,621
603085,1198
688230,7204
920270,1976
688220,8451
688348,5211
600287,548
002563,550
688358,3002
300375,538
603095,1818
002326,2560
300448,801
920260,1104
000546,655
601929,338
300530,2690
688475,2970
920425,2107
300520,3611
301152,3107
300458,4293
601939,922
688289,1889
688299,1701
600356,883
600346,2243
603711,1347
601009,1152
601990,802
301083,1854
600503,266
300589,1977
603669,460
603701,2025
301093,4872
300599,751
603679,1586
300797,1663
601019,858
600513,1843
603477,1738
920682,921
002181,845
600665,324
002818,1106
002960,1098
002970,4918
300787,1154
002808,496
600675,271
603222,920
002191,422
600148,1953
600030,2883
688097,3755
300923,2553
000955,623
600158,869
688087,3074
300933,837
600020,425
603232,2297
600643,548
920826,1352
002946,1876
601231,3101
603529,2982
000973,1474
002956,2718
600016,383
600653,191
300905,3249
920810,1388
603214,1700
301596,7890
000963,3906
920978,3778
920199,3581
300915,2368
600006,718
603162,1229
301586,4800
601702,2059
600370,236
600208,387
002494,541
603983,3318
600360,808
603172,1769
300292,447
001696,2173
600218,1050
002484,3028
603737,4680
603993,1952
600525,347
605303,1771
688592,4094
688582,6681
603727,1388
688216,2223
600535,1507
002555,2337
300343,610
688206,3538
002545,1855
300353,2075
000560,287
688443,2725
002300,948
601096,417
601877,2814
300516,6725
002278,1314
002310,228
300506,409
920403,2295
000570,556
002268,2060
301202,4133
300708,884
000408,8389
601086,1020
002066,1900
600782,389
601288,761
603590,4000
920765,2062
300670,685
601298,828
600792,391
002887,922
300718,8883
301212,2820
002076,202
603580,1632
002897,5269
002633,1638
300660,5645
300025,571
920130,2318
688170,3218
688008,11991
600936,429
688160,14599
002623,1845
920058,3427
300035,2171
600926,1536
688981,12528
000031,282
688018,17290
688112,3742
920152,2223
300047,1240
002651,1164
002729,1584
002641,434
688102,3752
002739,1128
300057,576
000021,2448
301260,1733
000159,602
001216,1736
002004,481
600698,898
301318,2736
300612,1646
301270,3709
688757,2650
002014,1188
301308,25475
001206,3049
300602,3401
600688,285
920717,1127
002362,2086
301106,2951
600486,7050
920519,1205
688559,5014
920509,3621
600496,413
002372,1050
301116,1096
688549,917
300321,4549
300564,1561
300259,438
920471,1289
002537,892
603948,2655
603958,1310
002527,1715
300331,3130
300249,1485
600547,3851
688488,1598
603755,3683
600557,1422
688498,65946
603078,1762
600312,1736
603100,2271
603899,2735
601618,298
603068,3749
300398,2269
603889,774
300388,806
603110,1600
601608,658
600895,4117
600302,1042
000911,736
603266,2272
000088,443
002790,845
000869,2046
300967,1932
300196,1440
600885,3062
603276,1645
300977,1704
000901,2691
600064,864
600759,324
002780,1445
600621,1545
688686,12596
605007,1373
600749,1681
688696,10932
002059,534
300737,537
001333,2133
000639,332
301345,25086
002121,779
688662,5101
000629,310
001323,2606
300727,3627
000751,407
301355,1358
002131,513
920077,1773
600871,217
603282,1995
301468,5328
300162,802
301510,3890
600909,678
920896,2161
002774,927
300172,552
688037,14499
300983,2728
600861,1770
600080,747
688027,51006
301500,1541
300993,1533
600919,1044
688229,5983
300204,2759
688351,2350
300214,678
688239,6689
002412,641
002402,4019
603915,1852
300529,1986
002247,284
300451,480
300441,754
301023,4390
301033,6832
600237,896
601858,1780
300539,4350
688290,6078
603025,1814
600227,241
688280,868
002386,554
603035,1559
601010,278
601168,2695
300590,1255
603708,1182
603718,611
601000,387
001965,1006
002396,3063
601999,683
603660,1048
002979,4303
300580,2634
000680,1193
600704,555
605122,1330
600714,1242
002801,3558
603516,23020
002198,705
002969,1185
000690,422
603506,1286
002811,1483
002188,624
601366,496
300842,6001
920957,1284
600151,1730
600029,766
600141,3472
603353,2671
300852,3934
600039,998
600133,913
603259,9190
300820,4810
000856,1031
603321,802
688184,929
300958,1241
600123,594
300830,995
920925,3180
300694,1208
300948,2055
603331,1295
002082,1389
920781,893
600776,1689
002863,586
001280,6089
002873,994
002092,515
605028,3051
600400,239
600578,511
300684,5069
301180,1686
301190,2115
603612,2406
600410,1752
603602,1427
600568,252
603057,1990
600255,388
301139,1821
920526,2342
601952,916
002225,588
300433,2966
301129,2385
688566,2955
688576,6225
300423,856
301041,2681
301051,1929
002235,1080
300266,254
002508,1927
603186,4998
002470,179
003002,3200
688333,10200
002518,4923
603967,1248
300276,995
920363,1895
603196,2522
003012,662
603977,1422
688323,2295
300899,3225
920015,4767
000997,2784
002460,6415
688055,358
300100,4077
603398,847
300078,424
002716,699
920005,4118
000987,812
300889,2064
300110,314
600803,2076
300068,1579
002706,1066
000166,528
688778,7516
688045,3840
920640,3680
300755,1778
688600,2503
000723,476
605081,1040
001229,4301
301327,5875
002153,1056
300745,2592
000733,5210
688768,4305
301337,2713
001239,1629
000409,1105
688610,6068
002269,189
300507,921
601866,251
000419,645
920402,1031
002311,5630
301175,592
000571,582
002301,746
002279,763
000561,1234
301165,8945
300517,1108
920247,2869
301658,2892
002544,3371
300352,608
688207,1525
300342,3166
688217,2620
603843,548
002554,324
688019,21620
600927,1591
920121,4614
688161,2794
300034,1920
000042,744
301446,3163
300024,1836
688009,543
002622,300
002632,1246
301456,3178
688171,4535
300661,6996
600793,2184
002896,9215
002077,1488
000617,971
002886,2120
300671,3235
300709,4700
002067,576
300719,1785
600783,2248
000607,410
301203,3218
301587,2355
920198,999
000962,3123
600007,1957
603215,2080
600017,299
603205,2924
002957,2176
000972,378
603538,1948
300904,6285
600642,782
688593,2090
002947,5255
603726,2255
603528,1016
688583,9272
601156,1827
600361,429
603992,4033
003816,376
002485,431
600219,531
300293,2118
002495,267
603173,4320
603982,844
600371,883
300389,1605
920396,3226
300283,755
603163,7016
603111,689
603069,2716
600303,325
603888,1919
601609,1086
600313,657
603079,1672
601619,455
300399,2559
603898,1389
603101,953
688499,5863
600546,1017
600556,576
688489,4492
605208,1378
605218,1820
002935,2135
605016,2195
600630,892
688697,1553
600748,531
605006,738
600758,369
688687,2481
600620,659
300976,5995
920082,1706
000878,1944
002925,1727
000099,2050
600884,1362
002791,2138
920873,758
600075,505
300966,1975
000868,493
603277,1704
300197,176
920092,3692
000900,409
600894,921
300187,488
000089,695
000910,745
603267,5328
002015,1019
300603,961
001207,2514
600689,1346
301309,2811
001217,1444
600699,3099
301319,5130
920706,2575
300613,4655
000665,601
002005,251
000158,2063
002738,7924
301261,9809
300056,831
688103,6049
002640,459
600955,1648
000020,1374
300046,3527
002728,1097
688113,3910
603949,1867
000030,575
002650,653
920225,3225
688265,4133
300248,1203
002526,361
300320,937
603959,585
002536,3206
300258,1431
688548,1405
688275,7776
603685,1874
300565,1288
000513,3453
600497,725
301117,5061
920508,2266
002373,1177
301107,2809
300575,585
002363,1080
688558,2916
600487,2446
000503,894
300581,1634
601001,1343
688420,2380
603661,3170
601998,762
605255,21802
002397,403
601179,911
603719,1170
300591,1049
601988,567
601011,343
603709,1638
002387,842
600463,1148
600226,512
601169,548
688281,7370
688291,3828
600236,759
000825,492
600038,3575
300853,2078
920946,1053
600028,616
300843,5366
600150,3326
002810,1485
002189,2267
603507,2547
301295,2908
605133,3492
002968,1221
600715,219
000691,910
601377,753
002199,870
002800,1513
603517,1276
605123,10200
000681,2281
301285,6761
002978,3266
600081,1186
300992,2633
688026,1595
002765,1290
600918,661
301501,4350
600860,1267
300173,421
920066,2466
301479,8595
002775,424
300982,2040
301511,3690
600908,593
688036,6762
300163,402
301469,3193
603283,4380
000750,426
002130,2676
000628,4659
001322,890
002120,680
300726,5088
002048,3193
002058,2266
688663,3850
001332,5414
000638,446
300736,1554
002256,354
601921,776
688515,10446
300538,1617
301032,1219
688505,824
301022,3310
000426,3670
300440,1195
002246,1753
300528,2086
002403,1290
301667,7958
300450,5080
920278,913
920300,1415
300215,636
688238,663
688350,2615
002413,1141
300205,495
688322,9058
688228,20449
603976,1930
002461,931
003013,1412
603197,3658
002519,639
300277,1291
002471,751
603966,1190
688332,13118
600395,471
603187,1550
003003,1330
300267,343
688577,10067
301050,5134
002234,869
301128,10244
300422,455
688567,1581
301040,2875
002224,435
920527,1801
301138,3909
300432,1672
920729,868
002152,1335
301336,5194
688611,4855
920651,4220
605090,4262
001238,4954
688601,4299
001228,2613
000722,1165
605080,2279
301326,11333
688779,757
002142,2818
920641,1834
002707,723
300069,1727
603389,4754
301563,16040
300111,618
300079,533
600802,685
300888,3806
603399,1049
002717,162
300898,2719
600812,553
300101,2778
920014,1180
002872,483
920790,3316
603565,1006
300685,2042
605151,1896
600777,384
002083,1204
300695,9369
002093,1141
002862,1945
603330,725
300949,3906
920924,2080
688185,6270
300831,1119
603320,1855
603248,2267
603258,1852
300959,10046
688195,16829
600132,5245
300821,1199
603056,1366
601636,598
600569,228
601882,1954
301191,11077
600579,829
000595,564
603613,2750
002586,443
300390,5665
603070,1303
600262,2559
301181,4750
601600,1199
603108,1482
603060,604
300380,4127
603118,1166
002596,534
600272,1371
601778,368
605369,1859
603881,3010
688480,5061
605177,1787
600751,387
600629,1973
601333,302
600639,1018
605167,1510
600741,2008
002798,565
603316,1470
000919,753
300817,2167
002788,2353
600104,1535
601566,1378
603306,6189
000090,368
600690,2654
000909,557
300807,5310
600114,3085
002174,1224
301310,4304
001366,1325
300762,3875
002995,1624
301268,1885
300772,1940
301300,4286
301278,3362
002164,1648
688627,23099
688062,3900
002721,309
002985,3123
000039,1004
001376,1679
002659,533
300137,1000
920022,2957
600824,468
002731,1273
300127,3071
301555,3333
688072,33399
600834,822
000151,1193
002649,1304
603950,2902
000029,2225
300329,1620
920344,2338
300251,1629
603828,862
688314,3314
003035,460
301633,6996
002457,1065
300339,4997
603838,725
300241,559
003025,1430
301076,4964
601965,1679
920469,1266
002212,891
688551,3673
300404,942
688429,1307
301066,1641
002202,2020
601975,305
300414,1477
688439,6290
000410,722
600594,400
688533,2936
002270,2529
000568,11785
300466,1006
603786,8055
000400,2579
301004,5234
688523,4885
002318,2796
600584,3710
300476,29650
688366,4385
002425,350
300233,1402
688376,5814
603922,2008
300223,11239
002743,542
300155,603
688178,2415
600846,1324
688010,2984
002753,712
920128,2628
300145,476
688168,7480
002116,1031
603598,1642
300678,3060
688655,1741
301372,2525
000776,2196
300700,1235
000766,2739
603588,765
300668,2878
301362,4140
002106,1103
001314,4431
300710,3100
300094,358
000803,708
600987,688
300875,4096
600166,290
002682,952
600997,577
300084,963
000813,386
920808,7402
002692,513
600176,1660
920970,772
300865,2712
002836,1507
600733,784
002826,1807
603657,3041
600455,2571
601229,1017
603012,598
600378,3166
600368,396
600210,743
603002,749
300316,3754
002478,858
601696,1525
002500,605
603817,731
601686,629
688253,3033
300306,1344
002510,743
002468,1352
301049,2112
688416,5620
002355,596
301131,4792
300543,1108
301059,1267
300553,4127
301121,3950
000525,548
002345,1237
605287,2594
688608,23100
300625,1173
001359,7269
001221,5749
605089,2503
301257,5209
688618,2682
300635,1602
002033,915
920720,1454
001231,2267
002023,1334
605099,3513
600963,463
603390,1286
300070,392
688125,12699
300891,893
600182,1512
000006,986
603380,3940
600973,686
002666,555
920175,1131
300118,1448
002676,833
300881,3415
688135,2831
600192,1052
000016,501
301396,6393
600616,538
001298,2967
002913,4365
000792,2774
000782,500
605020,2710
001288,3118
920799,4723
600606,164
301386,2373
002903,2324
603329,1100
300950,2285
605158,800
000926,226
920855,1774
300828,1685
688805,4310
300940,2912
600053,2022
600325,419
300838,1535
000936,858
603339,1290
688382,2720
603137,1375
603127,3480
688392,11449
600335,639
600570,3027
002294,5179
600408,414
300482,1954
301188,1764
002284,1528
300492,7234
600560,1618
600418,4961
603678,3526
301198,1162
300598,4644
301092,3560
601018,363
600512,242
603700,1325
600502,465
300588,2703
601008,519
603668,1661
601991,355
301082,1781
603155,1726
688288,2664
688298,2362
600021,2018
600159,274
300932,1187
603233,1773
920837,1440
688096,799
300922,2290
600031,2104
600149,500
603223,936
002809,1068
002190,3688
600674,1390
000688,2686
002971,2994
300786,1618
001382,2051
920693,3966
002180,1982
603466,921
002819,2670
600664,349
300796,877
601216,487
000698,365
002961,2867
600901,613
300012,1348
000885,1371
301518,3436
600098,655
600879,1938
600088,1609
300002,1132
301508,3116
688147,6377
000895,2673
600869,799
688157,3693
002614,737
002129,866
300647,700
301235,3756
002051,903
000631,320
300657,2780
000759,775
688702,14010
002139,1390
605183,1992
301225,15571
002041,958
300521,2918
301153,2060
300459,447
000557,502
002337,647
601928,996
002327,675
000547,3001
300449,740
300531,1816
688359,6680
300374,1570
920261,1499
920271,1614
688221,1802
002562,658
300364,2396
688349,2512
002572,1349
688231,2632
600682,889
600725,403
